<?xml version="1.0" encoding="UTF-8"?>
<preferences>
 <debug showDebugMenu="0" />
 <systemtable filter="All Interfaces">
  <columns>
   <connections preferredWidth="143" />
   <irq preferredWidth="34" />
  </columns>
 </systemtable>
 <library
   expandedCategories="Library/Processors and Peripherals,Library/Interface Protocols/PCI Express/QSYS Example Designs,Library,Library/Interface Protocols,Library/Processors and Peripherals/Peripherals,Library/Interface Protocols/PCI Express,Project" />
 <window width="1936" height="1096" x="-8" y="-8" />
 <generation path="_PROJECT_NAME_" />
</preferences>
